title,views,posted
This will change Web Scraping forever.,5.5K views,8 days ago
The most important Python script I ever wrote,89K views,1 month ago
Why I chose Python & Polars for Data Analysis,4K views,1 month ago
The Best Tools to Scrape Data in 2024,5.1K views,1 month ago
The Simplest way to Scrape Faster.,4.3K views,1 month ago
Scraping with Playwright 101 - Easy Mode,5.1K views,1 month ago
Cleaning up 1000 Scraped Products with Polars,4.5K views,2 months ago
Website to Dataset in an instant,6.2K views,2 months ago
This is a Scraping Cheat Code (for certain sites),3.9K views,2 months ago
Python dev writes bad Rust (still compiles though),934 views,2 months ago
"Stop Wasting Time on Simple Excel Tasks, Use Python",8.4K views,3 months ago
The HTML Element I check FIRST when Web Scraping,2.5K views,3 months ago
"So many sites use JSON-LD, this is how to scrape it",3.4K views,3 months ago
"More spiders, more data",2.6K views,3 months ago
still the best way to scrape data.,12K views,4 months ago
"Make Queues, Run Jobs, Scrape Data.",4.1K views,4 months ago
I had no idea you could scrape this site this way,4.2K views,4 months ago
This is the ONLY way I'll use Selenium now,6.5K views,5 months ago
Scraping HTML Tables VS Dynamic JavaScript Tables,3.2K views,6 months ago
Scrapy in 30 Minutes (start here.),12K views,6 months ago
"Webscraping with Python How to Save to CSV, JSON and Clean Data",4.6K views,6 months ago
30 lines of GO Code to Scrape Anything,6.1K views,7 months ago
"Web Scraping with Python - Get URLs, Extract Data",8K views,7 months ago
Web Scraping with Python - How to handle pagination,8.2K views,7 months ago
Web Scraping with Python - Start HERE,29K views,7 months ago
How I Scrape Data with Multiple Selenium Instances,9.6K views,7 months ago
Is This The Best Way to Scrape at Scale?,3.6K views,7 months ago
"I swapped my project to Scrapy, was it a Mistake?",3.2K views,8 months ago
I Don't Parse with Selenium (Just get me the HTML),4.2K views,8 months ago
Sending API URL Queries with Python Requests,5.6K views,8 months ago
This Scraping Package is Coming back?,2.4K views,8 months ago
Scraping Product Data from Multiple Sites,5.8K views,8 months ago
This script I threw together saves me hours.,16K views,9 months ago
2 Ways to add Logging to your Python Code,4.4K views,9 months ago
Browsers are Essential now? Scraping Amazon in 2023,14K views,10 months ago
"The most common error learning web scraping, fixed",5.3K views,10 months ago
This Python Library makes CLI tools a breeze.,5.4K views,10 months ago
Add a Database to your Web Scraper - Full Code How to,10K views,11 months ago
Who is FASTER? Scrapy vs GO vs ME,5.9K views,11 months ago
Scrape .aspx sites with this method,7.7K views,11 months ago
Use THIS to stay JUST under rate limits with Async,7.8K views,11 months ago
Supercharge Your Scraper With ASYNC (here's how),10K views,1 year ago
Modern HTML Scraping with Pythons BEST Tools,12K views,1 year ago
Just Use Pydantic,20K views,1 year ago
Are CLI Frameworks Worth it? Trying TYPER,6.8K views,1 year ago
3 Ways To Scrape Infinite Scroll Sites with Playwright,17K views,1 year ago
"Don't Rush into Freelancing, I did and Made this Mistake",5.5K views,1 year ago
"Scrapy is THE best, but I don't use it.",9.1K views,1 year ago
Web Scraping Made Easy Using this Method.,11K views,1 year ago
You Should Make Your OWN HTTP Clients for APIs (Shopify x Python),7.1K views,1 year ago
How To Parse Data Scraped from SCRIPT tags,6.7K views,1 year ago
Try THIS Simple Python Decorator (It's Super Useful),9K views,1 year ago
"Don't Keep Requesting API Data, DO THIS!",11K views,1 year ago
Scraping multiples websites with one Python script,21K views,1 year ago
Automate your job with Python,318K views,1 year ago
Web Scraping with GO... Easy AND Fast?!,11K views,1 year ago
Web Scraping Methods You NEED to Know,13K views,1 year ago
What's So Special About this Python Framework?!,10K views,1 year ago
THIS is a better way to return scraped data.,6.1K views,1 year ago
How To Scrape (almost) ANY Website with Python,36K views,1 year ago
How to Use Recursion in Python for API Pagination,4.1K views,1 year ago
Best Web Scraping Combo? Use These In Your Projects,41K views,1 year ago
The Python Tools a Pro Web Scraper Uses Day to Day,13K views,1 year ago
How a Web Scraping Pro Parses HTML in Python,6.2K views,1 year ago
BeautifulSoup is NOT the king of HTML Parsers (try this one),24K views,1 year ago
Full Project with Scrapy - The BEST Scraping Framework,10K views,1 year ago
Does This Feature Make Flask-RESTful Worth Using?,5.3K views,1 year ago
How do YOU Solve this common Web Scraping issue?,11K views,1 year ago
Why *ARGS and **KWARGS are Useful in Python,16K views,1 year ago
How I Organize Data In Python with Dataclasses,26K views,1 year ago
Is THIS The Best Way to Build a Scraper API?,10K views,1 year ago
Try My Price Monitoring Beginner Python Project,18K views,1 year ago
Python JSON API in 30 mins (Try This Framework!),6.6K views,1 year ago
Async & Await in Python Simple & FAST HTTP Requests,8.2K views,1 year ago
Make API Calls Like a PRO - Python API Client x Shopify,35K views,1 year ago
My Indeed Web Scraper Stopped Working. Here's Why,13K views,1 year ago
Tortoise ORM for Python Projects - Simple & ASYNC,11K views,1 year ago
How I Scrape Amazon With Python,13K views,1 year ago
Following Links With Scrapy (regex is GOOD here),4.2K views,1 year ago
This is how I scrape data from iframes,11K views,1 year ago
Bubble Sort Algorithm in Python Example: Code and Explanation,2.9K views,1 year ago
The Truth About Learning to Code.,6.2K views,1 year ago
"I Tried 100s of Free Proxies, Here's the results.",27K views,1 year ago
How I Email Myself Data from my Python Scripts,12K views,1 year ago
How to get data from AJAX Requests in Python,15K views,1 year ago
Django Rest Framework for Beginners - Simple CRUD API,44K views,1 year ago
Is THIS the Best Way to Scrape Data with Playwright?,10K views,2 years ago
I Don't Waste Time Parsing HTML (So I do THIS),78K views,2 years ago
The Biggest Mistake Beginners Make When Web Scraping,99K views,2 years ago
Pydantic is the Python Package I Wish I'd Learned Earlier,52K views,2 years ago
Scrapy Middleware - Custom User Agents,8.4K views,2 years ago
GO for Beginners - Web Scraping with Golang Tutorial,26K views,2 years ago
Parsing HTML Tables with Python to a Dictionary,14K views,2 years ago
"Modern Python uses Type HINTS, Here's How",6.6K views,2 years ago
Use THIS Algorithm To Find KEYWORDS in Text - A Short Python Project,42K views,2 years ago
SQLModel is the Pydantic inspired Python ORM weâ€™ve been waiting for,29K views,2 years ago
Enumerate Will Save You From THIS!,14K views,2 years ago
How to HIDE Your API Keys in Python Projects,59K views,2 years ago
How to Make 2500 HTTP Requests in 2 Seconds with Async & Await,98K views,2 years ago
Are You Still Using Excel? AUTOMATE it with PYTHON,46K views,2 years ago
How to Parse HTML Tables to JSON With Python,13K views,2 years ago
FIX Your AttributeError in Python & WHY You See it,36K views,2 years ago
"Learn Web Scraping With Python: Full Project - HTML, Save to CSV, Pagination",36K views,2 years ago
Turn Websites into Real Time API's with ScrapyRT,11K views,2 years ago
HTTPX is the ASYNC Requests I was Looking For,19K views,2 years ago
How I Scrape Amazon Product Reviews with Python,16K views,2 years ago
Want To Learn Web Scraping? Start HERE,26K views,2 years ago
How to Scrape JavaScript Websites with Scrapy and Playwright,48K views,2 years ago
AM I Missing out NOT Using Node for Web Scraping?,7.3K views,2 years ago
THIS is Playwrights BEST Feature for Web Automation,36K views,2 years ago
Login and Scrape Data with Playwright and Python,100K views,2 years ago
New to Scrapy? Try it WITH BeautifulSoup to Parse HTML Easily,6.8K views,2 years ago
HIDING Data with JavaScript? Web Scraping Obfuscation,8.3K views,2 years ago
Following LINKS Automatically with Scrapy CrawlSpider,30K views,2 years ago
Web Scraping Weather Data with Python,57K views,2 years ago
How I Use Scrapy Shell When Creating Web Scraping Projects,5.1K views,2 years ago
How To Handle Errors & Exceptions with Requests and Python,16K views,2 years ago
A Short and SIMPLE HTML Web Scraper in 6 lines of CODE,6.2K views,2 years ago
How To Retry HTTP Requests Using a Decorator in Python,11K views,2 years ago
This SQLite Database Model is Easy and Ready for your Python Projects!,17K views,2 years ago
Create A Web Scraper Class in Python and requests-html,9.7K views,2 years ago
How To Add LOGGING to Your Python Projects for Beginners,29K views,2 years ago
Scraping Data from JavaScript rendered tables with Python,25K views,2 years ago
How To Add a Database to your Scrapy Project,13K views,2 years ago
Get Started with Scrapy - Python's Best Web Scraping Framework,17K views,2 years ago
How to store data with Python and SQLite3,41K views,2 years ago
Hidden APIs with Scrapy - easy JSON data extraction,41K views,2 years ago
Using Inspect Element for Web Scraping? Watch THIS,11K views,2 years ago
Always Check for the Hidden API when Web Scraping,594K views,2 years ago
I Think Scrapy Is Easier Than BS4,36K views,2 years ago
These 5 Things Help my make better Web Scrapers,6.6K views,2 years ago
Automate Excel Work with Python and Pandas,90K views,2 years ago
Working With APIs in Python - Pagination and Data Extraction,90K views,2 years ago
How I Create Shopify Private Apps with Python,23K views,2 years ago
Create Your Own Scraper API with FastAPI and Python,18K views,2 years ago
Web Scraping with AIOHTTP and Python,24K views,3 years ago
Scrapy From one Script: ProcessCrawler,14K views,3 years ago
Web Scraping Project: Save Shopify Products to Database,7.8K views,3 years ago
Don't Start Web Scraping without Doing These First,27K views,3 years ago
Scrape LIVE scores - No BeautifulSoup or Selenium NEEDED!,49K views,3 years ago
Spider Arguments with Scrapy & Python,7K views,3 years ago
Crawl and Follow links with SCRAPY - Web Scraping with Python Project,38K views,3 years ago
Slow Web Scraper? Try this with ASYNC and Requests-html,17K views,3 years ago
"Python Web Scraping - Append to CSV, Cleaning Data, Requests HTML",6.4K views,3 years ago
Web Scraping with BeautifulSoup and CSS Selectors,12K views,3 years ago
Basic ASYNC Web Scraping Part2 - Grequests Example Python Project,4.3K views,3 years ago
Amazon Review Scraper Full Project in Python,4.8K views,3 years ago
Ignoring These Could Cost You Time and Effort,10K views,3 years ago
"Weekly Web Scraping with Python: Product Pages, Pagination, Save to CSV",13K views,3 years ago
Async Requests Made Simple - Grequests for Web Scraping with Python,11K views,3 years ago
Argparse Basics - How I run my scripts via the Command Line,70K views,3 years ago
Scraping Google News the Easy Way with Python and pygooglenews,30K views,3 years ago
Don't Ignore This Scraping Technique,4.4K views,3 years ago
Want Faster HTTP Requests? Use A Session with Python!,46K views,3 years ago
Request Headers for Web Scraping,44K views,3 years ago
How to Scrape Amazon for ASINs with Requests-HTML,11K views,3 years ago
How To Scrape Woocommerce products with Python & requests-html,13K views,3 years ago
You Should Use CSS Selectors for Web Scraping.,15K views,3 years ago
Beautifulsoup vs Selenium vs Scrapy - Which Tool for Web Scraping?,73K views,3 years ago
5 Things You Might Not Be Using in BeautifulSoup,11K views,3 years ago
How Learning Code Could Change Your Life,2.9K views,3 years ago
How I found the best Steam Deals this Winter - Web Scraping with Python,8.7K views,3 years ago
What I'd Add FIRST To a new Scrapy Project,32K views,3 years ago
"Scrapy Splash for Beginners - Example, Settings and Shell Use",34K views,3 years ago
Scrapy for Beginners - A Complete How To Example Web Scraping Project,257K views,3 years ago
"EBAY Price Tracking with Python, Beautifulsoup and Requests",32K views,3 years ago
Scraping Amazon's best Black Friday DEALS with Python,14K views,3 years ago
"How I Scrape multiple pages on Amazon with Python, Requests & BeautifulSoup",91K views,3 years ago
Run Your Web Scraper Automatically Once a DAY,28K views,3 years ago
Sentiment Analysis With Python: Movie Quotes & TEXTBLOB,2.9K views,3 years ago
Python & VS Code on Windows - My Method QUICK + EASY,1.7K views,3 years ago
How to Scrape Walmart product data with Python,19K views,3 years ago
Amazon Price Tracker using Python - Web Scrape from ASINs CSV and save results to Database,15K views,3 years ago
"How I Scrape Amazon Reviews using Python, Requests & BeautifulSoup",33K views,3 years ago
Scrape Javascript with SPLASH - how to install and get started with Splash,25K views,3 years ago
How to Scrape and Download ALL images from a webpage with Python,80K views,3 years ago
How to Scrape Stock Prices from Yahoo Finance with Python,50K views,3 years ago
Easiest SELENIUM Web Scraping for JavaScript Pages,26K views,3 years ago
How Web Scrape Multiple Pages with ONE Function with Python,44K views,3 years ago
How I save my Scraped Data to a Database with Python! Beginners sqlite3 tutorial,52K views,3 years ago
Scrape Amazon NEW METHOD with Python 2020,42K views,3 years ago
Scrapy Basics - How to Get Started with Python's Web Scraping Framework,33K views,3 years ago
How to Rotate Proxies with Python,117K views,3 years ago
Scrape HTML tables easily with Pandas and Python,34K views,3 years ago
Indeed Jobs Web Scraping Save to CSV,88K views,3 years ago
PARALLEL and CONCURRENCY in Python for FAST Web Scraping,28K views,3 years ago
Build your own Yellow Pages web scraper with Python,9.8K views,3 years ago
Google Sheets Database with Python Web Scraping,32K views,3 years ago
Python Web Scraping Q&A + Live Coding,601 views,3 years ago
Web Scraping NEWS Articles with Python,62K views,3 years ago
How to scrape SPORTS STATS websites with Python,57K views,3 years ago
How I always get the right table when web scraping with Python,5.6K views,3 years ago
IMPROVING this BeautifulSoup Blog Scraper,2.2K views,3 years ago
Scrape blog posts with Python,6.8K views,3 years ago
Rendering Dynamic Pages 2! - Web Scraping ALL products with Python,9.5K views,3 years ago
Render Dynamic Pages - Web Scraping Product Links with Python,61K views,3 years ago
A Better Web Scraper - 3 Steps Demo Python Web Scraping,6.3K views,3 years ago
The 3 Principles to Web Scraping Success,3.8K views,3 years ago
User Agent Switching - Python Web Scraping,43K views,3 years ago
Why Would Anyone Use This?! All In One Web Scraper,2.1K views,3 years ago
Web scraping Shopify - easily download all products,21K views,3 years ago
Python Web Scraping: JSON in SCRIPT tags,39K views,3 years ago
Web Scraping with Python: Ecommerce Product Pages. In Depth including troubleshooting,152K views,4 years ago
Webscraping With Python: Pagination and HTML,25K views,4 years ago
Turn your web scraper into a web app with Python and Flask,19K views,4 years ago
Web Scraping with Python Guide,6.6K views,4 years ago
Always start your web scrapers with this- VENV And Python,3K views,4 years ago
HELIUM for simple DYNAMIC web scraping with Python,18K views,4 years ago
API Endpoints? Get data from the web easily with PYTHON,60K views,4 years ago
How I Scrape JAVASCRIPT websites with Python,67K views,4 years ago
JMESPATH in PYTHON - JSON query language,6.7K views,4 years ago
Easy SOCIAL IMAGES with Python PIL,1.5K views,4 years ago
QUICK PYTHON for Beginners - My MOST used,682 views,4 years ago
Easy Databases in PYTON - Web Scraping Example,797 views,4 years ago
Easy Databases in PYTHON with Dataset,2.2K views,4 years ago
How to SCRAPE DYNAMIC websites with Selenium,162K views,4 years ago
How I use SELENIUM to AUTOMATE the Web with PYTHON. Pt1,69K views,4 years ago
HOW TO: JSON and APIs in PYTHON - A Beginners Look,40K views,4 years ago
Web Scrape Websites with a LOGIN - Python Basic Auth,126K views,4 years ago
Python Functions: Basics - how to add user defined functions to you code,4K views,4 years ago
Automate Sales Reports with Pandas and Python,2.5K views,4 years ago
Python CSV files - with PANDAS,101K views,4 years ago
How to Use Python Dictionaries + Lists of Dicts,54K views,4 years ago
Find the best prices for stuff with Python web scraping,7.4K views,4 years ago
Python Web scraping - Script to CSV or Excel,16K views,4 years ago
Web Scraping: HTML Tables with Python,72K views,4 years ago
5 Tips for Learning PYTHON,1.1K views,4 years ago
Indexing and Slicing Python Lists for Beginners,18K views,4 years ago
Basic Webscraper : Get info from the web with Python,8.2K views,4 years ago
Simple Python Projects | short projects for beginners,3K views,4 years ago
